{"Software Engineer": [0.4509992003440857, -0.06801213324069977, 0.19578300416469574, -0.2498491108417511, 0.033181264996528625, 0.11098373681306839, 0.00967845506966114, -0.02417703904211521], "Doctor": [-0.2100224792957306, -0.19696266949176788, -0.24242420494556427, -0.18972550332546234, -0.2515382468700409, 0.023524776101112366, -0.1996491700410843, 0.04452982172369957], "Teacher": [-0.1595042496919632, -0.058426763862371445, 0.0013468627585098147, -0.09922417253255844, 0.064628966152668, -0.05122085288167, 0.16407927870750427, 0.24572837352752686], "Nurse": [-0.16354070603847504, -0.2536329925060272, -0.057298094034194946, 0.03677956387400627, -0.34939977526664734, -0.2926528751850128, 0.023035865277051926, 0.21797534823417664], "Accountant": [0.16333678364753723, -0.06541825830936432, -0.2572394907474518, 0.1905103474855423, 0.14565494656562805, 0.2660194933414459, 0.11352930217981339, 0.0949702188372612], "Designer": [0.3981179893016815, 0.261511892080307, 0.1151554062962532, -0.03771249204874039, -0.022068075835704803, -0.07902022451162338, -0.1578461229801178, 0.19917403161525726], "Manager": [0.07592955231666565, -0.04995884746313095, -0.0525374710559845, 0.07264509797096252, 0.2505270838737488, -0.0368557907640934, 0.011671925894916058, -0.25204703211784363], "Salesperson": [0.1611487865447998, -0.06955420225858688, -0.17172788083553314, 0.31890925765037537, 0.3893106281757355, -0.074503093957901, -0.03967342525720596, 0.1280919909477234], "Lawyer": [-0.08213229477405548, -0.08878133445978165, -0.2729529142379761, -0.033860549330711365, -0.0256124846637249, 0.3522208034992218, -0.029494641348719597, -0.11213371902704239], "Pharmacist": [0.012243716977536678, -0.21030119061470032, -0.27431949973106384, 0.14138063788414001, -0.1968076378107071, 0.02658996172249317, -0.21146315336227417, 0.2772657573223114], "Architect": [0.3721410930156708, 0.25989431142807007, 0.22119714319705963, -0.08487682044506073, -0.008445759303867817, -0.11975732445716858, -0.011280274018645287, 0.11310474574565887], "Chef": [-0.06761925667524338, 0.2018795758485794, -0.09585477411746979, 0.2240605354309082, -0.0765174925327301, -0.3479418158531189, 0.12065741419792175, -0.28513285517692566], "Police Officer": [-0.15006166696548462, -0.2730203866958618, 0.0499560609459877, -0.001007857033982873, 0.22409188747406006, 0.11663620173931122, -0.11561733484268188, -0.06646768748760223], "Firefighter": [-0.20483870804309845, -0.270635187625885, 0.3634912371635437, 0.03188358619809151, 0.07865963131189346, -0.009478133171796799, -0.08477098494768143, -0.089054636657238], "Scientist": [-0.12857095897197723, -0.01833861693739891, -0.012908071279525757, -0.3853769898414612, -0.20087221264839172, 0.11531354486942291, 0.08854242414236069, 0.04134008288383484], "Dentist": [-0.0732395127415657, -0.19443950057029724, -0.2534196376800537, -0.2605551481246948, 0.03128264099359512, -0.27943533658981323, 0.059281617403030396, -0.010983115993440151], "Mechanic": [0.07969710230827332, -0.1614963263273239, 0.13655135035514832, -0.0734645426273346, -0.26720795035362244, 0.018321890383958817, -0.0561862513422966, -0.4339557886123657], "Electrician": [0.269502192735672, -0.26503607630729675, 0.032498788088560104, -0.06458074599504471, 0.17256474494934082, 0.12523843348026276, -0.02139204367995262, 0.03873412683606148], "Plumber": [0.06204678863286972, -0.1627633422613144, -0.11607030034065247, -0.04937124624848366, 0.20377448201179504, -0.4765465557575226, 0.21203093230724335, -0.15509170293807983], "Pilot": [-0.2526155710220337, 0.010315456427633762, 0.35519781708717346, 0.37690386176109314, -0.2667180001735687, 0.05363196134567261, -0.12507106363773346, -0.16800588369369507], "Flight Attendant": [-0.10497919470071793, -0.20732347667217255, 0.41459205746650696, 0.38595879077911377, 0.04428678750991821, -0.01702290214598179, -0.08359724283218384, 0.24360808730125427], "Journalist": [-0.36982831358909607, 0.09409595280885696, 0.09054473042488098, -0.1027306318283081, 0.03291410952806473, 0.16195639967918396, 0.4603365361690521, 0.06003095209598541], "Photographer": [-0.3238550126552582, 0.24183857440948486, 0.027842218056321144, -0.10049482434988022, 0.06114073842763901, 0.07467580586671829, -0.052317455410957336, 0.05091695860028267], "Artist": [-0.0699906200170517, 0.5191497206687927, -0.04020576924085617, -0.10055521875619888, 0.02387087792158127, -0.19460034370422363, -0.3701421022415161, 0.07680288702249527], "Musician": [-0.25980985164642334, 0.37927407026290894, -0.08838757872581482, -0.14645269513130188, 0.148715078830719, 0.09928625077009201, -0.2809315323829651, -0.11608459055423737], "Actor": [-0.24886471033096313, 0.08291826397180557, -0.007683864329010248, -0.027279412373900414, 0.3145866096019745, 0.09420492500066757, -0.06002487987279892, -0.09212982654571533], "Writer": [-0.1480625569820404, 0.3301633298397064, 0.0960698276758194, 0.045485127717256546, -0.06604894250631332, 0.03473746031522751, 0.3707464933395386, 0.18875671923160553], "Engineer": [0.395354688167572, -0.0670659989118576, 0.2940485179424286, -0.30868229269981384, -0.05623115226626396, 0.052510619163513184, 0.06494143605232239, -0.025503454729914665], "Consultant": [0.31161341071128845, -0.023630112409591675, -0.2878139019012451, 0.1732916235923767, -0.21399466693401337, 0.09170277416706085, -0.02034013345837593, -0.053795941174030304], "Entrepreneur": [0.2654043436050415, 0.32375648617744446, -0.1634315699338913, 0.3179920017719269, -0.21772851049900055, 0.16147996485233307, 0.22126610577106476, -0.13646695017814636]}